unique_id,ds,cutoff,y,Naive,SeasonalNaive,AutoETS,AutoARIMA,AutoARIMA_X,LightGBM,AutoNBEATS,AutoNHITS,Chronos
S10_D72,2012-06-15,2012-06-08,105499.39,125434.23,127450.66,125453.07703703686,135381.1946506666,140731.1795774197,118111.2014751754,109740.516,111151.8,114454.72
S10_D72,2012-06-22,2012-06-08,107949.41,125434.23,117948.54,114657.50753105,117357.42003859104,115602.22115995652,113732.43224247912,104030.305,105367.08,117954.59
S10_D72,2012-06-29,2012-06-08,96579.1,125434.23,114398.47,116075.6261603942,109978.8959351886,113809.22698057108,113182.93694317904,101415.28,107625.125,119750.83
S10_D72,2012-07-06,2012-06-08,100464.25,125434.23,108519.93,109074.83573875502,102380.37765760272,94962.454535099,119781.66364306177,115755.82,120253.875,122198.83
S10_D72,2012-07-13,2012-07-06,92923.05,100464.25,115004.83,110645.29044068269,107966.68405876326,121319.979562141,107194.25422688648,104914.586,103922.484,107221.35
S10_D72,2012-07-20,2012-07-06,107685.5,100464.25,110068.58,113763.70213248584,100777.53976999674,94805.12506699673,110033.72984606188,101805.36,99078.88,113083.9
S10_D72,2012-07-27,2012-07-06,97065.08,100464.25,108258.38,127350.25009542836,98967.33976999672,119970.45159912102,102806.62064862985,93069.25,94592.484,114735.12
S10_D72,2012-08-03,2012-07-06,108755.78,100464.25,128649.15,127025.8025907173,119358.10976999676,102413.76846232868,111272.58942698268,97286.29,98472.016,116363.48
S10_D72,2012-08-10,2012-08-03,105458.18,108755.78,129239.0,123745.57127728744,115778.92370270813,102955.5259247418,121855.38056214336,98675.29,101309.59,107573.91
S10_D72,2012-08-17,2012-08-03,118339.36,108755.78,152246.75,147016.52804334086,141514.60340513865,146600.1906788264,133057.8788244323,105419.15,105819.45,111287.16
S10_D72,2012-08-24,2012-08-03,115171.28,108755.78,125855.98,116879.07902799982,116280.5659911653,111604.79233729556,123114.95443493544,101808.695,107030.09,112988.22
S10_D72,2012-08-31,2012-08-03,96347.84,108755.78,139659.53,118163.5515097744,130574.60893692698,119280.68070461696,124040.57893913952,102281.73,108115.484,115792.58
S10_D72,2012-09-07,2012-08-31,110519.11,96347.84,123021.88,107200.10588539876,90602.50505312296,100871.82642281432,108181.56618735842,104804.86,104327.71,106578.2
S10_D72,2012-09-14,2012-08-31,107830.89,96347.84,113522.35,107393.15587975894,90101.43268260467,93568.6521990622,110548.50438738214,111343.234,111166.84,111736.04
S10_D72,2012-09-21,2012-08-31,123513.57,96347.84,116602.04,104977.52135056004,93181.12268260466,96841.26323471202,106216.92495517952,113152.15,113471.53,117442.06
S10_D72,2012-09-28,2012-08-31,129930.09,96347.84,123573.06,110603.50124375329,100152.1426826047,116685.3202214138,101903.41409097477,98683.15,98729.25,123999.4
S10_D72,2012-10-05,2012-09-28,121408.81,129930.09,126638.92,115738.1806270088,124127.59421611806,119905.16913980836,121539.73679625022,117112.664,116747.08,129775.3
S10_D72,2012-10-12,2012-09-28,113547.32,129930.09,117679.29,103796.0180664406,111406.11346053482,126061.34303714856,119771.57521782484,116259.41,117357.15,134091.94
S10_D72,2012-10-19,2012-09-28,101213.23,129930.09,145623.07,114949.010309069,137754.1612355149,134532.3491256992,137840.2598101734,120603.31,126965.88,141601.78
S10_D72,2012-10-26,2012-09-28,121126.83,129930.09,148579.95,107208.59578231005,140034.15065707086,132351.15786636702,144352.1527505324,129278.68,132679.45,146807.22
S13_D90,2012-06-15,2012-06-08,122102.95,120491.7,118778.04,118488.6059730784,126709.88106384435,126896.81652572288,129008.36712051752,121564.66,121265.08,120812.89
S13_D90,2012-06-22,2012-06-08,113578.41,120491.7,108144.94,118488.6059730784,116076.78106384438,115959.65559720424,123067.12154067223,120569.52,119295.21,118634.66
S13_D90,2012-06-29,2012-06-08,113293.12,120491.7,111924.22,118488.6059730784,119856.06106384436,119875.11386399316,118319.9621438496,112158.414,115464.53,116415.28
S13_D90,2012-07-06,2012-06-08,120024.63,120491.7,110402.62,118488.6059730784,118334.46106384436,118643.75338566749,127319.34485356786,116143.26,118514.18,118373.2
S13_D90,2012-07-13,2012-07-06,115543.32,120024.63,116573.62,117559.7435288541,122786.01354866356,122666.61878178571,122922.31251432312,122776.45,122167.94,120877.42
S13_D90,2012-07-20,2012-07-06,121651.3,120024.63,115580.97,117559.7435288541,121793.36354866358,121719.67443160716,118227.91699019515,120317.5,119405.46,120900.43
S13_D90,2012-07-27,2012-07-06,111635.67,120024.63,106731.48,117559.7435288541,112943.87354866356,112978.49156716476,115522.2959091655,112241.86,115395.81,117329.07
S13_D90,2012-08-03,2012-07-06,118880.78,120024.63,118023.51,117559.7435288541,124235.90354866354,124211.35194828286,124501.23641437088,115996.72,117880.75,117087.125
S13_D90,2012-08-10,2012-08-03,117598.61,118880.78,117293.1,117130.28420781328,120697.88166271876,120836.72191962524,121474.95979746584,118014.01,118221.95,119865.18
S13_D90,2012-08-17,2012-08-03,126591.48,118880.78,125182.44,117130.28420781328,128587.22166271874,128918.23972996503,128555.25721062302,121500.69,120603.766,122344.46
S13_D90,2012-08-24,2012-08-03,118548.58,118880.78,124570.63,117130.28420781328,127975.41166271878,128919.25838192222,130786.41015326776,112963.22,116621.06,121120.55
S13_D90,2012-08-31,2012-08-03,120221.14,118880.78,126932.75,117130.28420781328,130337.53166271876,130480.11267649422,128208.06026835769,114125.555,117248.22,119917.695
S13_D90,2012-09-07,2012-08-31,126632.77,120221.14,120231.85,119631.76623700211,117073.25542625033,116902.0629244948,122433.44709717802,119261.19,119426.11,122318.02
S13_D90,2012-09-14,2012-08-31,121946.64,120221.14,127394.62,119631.76623700211,124236.02542625031,123867.79543673608,129546.79042235106,124559.83,124382.875,124094.91
S13_D90,2012-09-21,2012-08-31,124686.64,120221.14,119132.23,119631.76623700211,115973.63542625029,115593.40656937555,124029.00957273936,121155.266,123822.99,122586.7
S13_D90,2012-09-28,2012-08-31,120890.02,120221.14,124090.48,119631.76623700211,120931.8854262503,121095.36278965868,124833.19300650754,117493.375,120201.46,121146.47
S13_D90,2012-10-05,2012-09-28,130632.28,120890.02,136150.82,122029.37779218562,135640.0958210922,135710.92519988888,134215.55471061388,124953.63,122686.16,124615.95
S13_D90,2012-10-12,2012-09-28,129858.28,120890.02,126101.13,122029.37779218562,125590.4058210922,125458.87851489952,128743.3977509076,124610.805,124158.65,126937.69
S13_D90,2012-10-19,2012-09-28,130456.3,120890.02,129683.06,122029.37779218562,129172.3358210922,129268.01348063232,132725.33660672058,123065.22,124852.76,126428.72
S13_D90,2012-10-26,2012-09-28,128116.96,120890.02,125507.96,122029.37779218562,124997.2358210922,125068.40316330393,131747.1837891078,121461.81,122044.83,124629.67
S13_D92,2012-06-15,2012-06-08,183228.69,179696.5,162202.48,170642.6648313892,182090.98728159931,179922.7981440876,180804.0335737598,175107.78,176509.8,176517.25
S13_D92,2012-06-22,2012-06-08,164442.14,179696.5,147612.67,170642.6648313892,167501.17728159938,167524.09106843785,171053.2455764708,172793.11,171416.97,168423.45
S13_D92,2012-06-29,2012-06-08,162573.23,179696.5,153900.12,170642.6648313892,173788.62728159936,172019.0608881187,171027.529859631,159925.14,165851.98,164168.33
S13_D92,2012-07-06,2012-06-08,175273.27,179696.5,151160.86,170642.6648313892,171049.36728159932,171339.55080229195,176461.61732986712,171391.55,176112.48,170445.39
S13_D92,2012-07-13,2012-07-06,169695.57,175273.27,162174.55,170715.75689150742,180634.268432202,177507.06765959554,176501.40154381888,182026.8,182213.62,175945.25
S13_D92,2012-07-20,2012-07-06,179823.4,175273.27,153972.35,170715.75689150742,172432.06843220198,172431.28468087796,176472.1413195988,174661.22,173858.69,172384.39
S13_D92,2012-07-27,2012-07-06,160703.97,175273.27,146783.63,170715.75689150742,165243.348432202,162346.84880214994,167329.93895784195,160576.47,164258.27,165480.39
S13_D92,2012-08-03,2012-07-06,171598.2,175273.27,163357.13,170715.75689150742,181816.848432202,188993.0057079593,181438.42799166247,167438.4,169210.9,167180.23
S13_D92,2012-08-10,2012-08-03,171785.37,171598.2,159494.55,170083.76544942893,175366.94921023704,173593.356490365,179014.24141513044,172714.75,173082.02,177021.56
S13_D92,2012-08-17,2012-08-03,182031.93,171598.2,165405.33,170083.76544942893,179397.72630176155,178679.72328535188,177277.25161903267,179407.11,177668.31,179749.7
S13_D92,2012-08-24,2012-08-03,168512.87,171598.2,158956.09,170083.76544942893,173411.6311666346,173687.629143537,174312.9231598255,163946.0,168468.69,174830.56
S13_D92,2012-08-31,2012-08-03,167187.38,171598.2,160983.38,170083.76544942893,175324.823914502,175117.00027111854,170071.33129439352,163812.38,168205.7,173214.83
S13_D92,2012-09-07,2012-08-31,182296.84,167187.38,159306.23,170791.55521631922,171065.43876698794,169435.28823375358,181436.89934043572,170648.81,169541.19,178931.34
S13_D92,2012-09-14,2012-08-31,176190.23,167187.38,172475.45,170791.55521631922,182898.22910204504,179060.34502319072,183585.380475746,178669.84,177098.84,182196.2
S13_D92,2012-09-21,2012-08-31,179575.44,167187.38,159841.27,170791.55521631922,170585.55713608197,165620.5307341708,172600.90130477052,173370.75,175406.27,177957.86
S13_D92,2012-09-28,2012-08-31,169014.0,167187.38,171956.21,170791.55521631922,182623.15119064105,180568.6894301988,176169.59594626373,164591.34,167567.62,175684.25
S13_D92,2012-10-05,2012-09-28,181471.61,169014.0,194865.26,174087.60155866007,208124.10350927812,212512.83401720208,195097.12765040243,177772.52,173853.77,182288.62
S13_D92,2012-10-12,2012-09-28,184760.29,169014.0,174861.48,174087.60155866007,182677.1526083887,179404.256258422,187672.74306348996,180420.84,179759.92,186645.81
S13_D92,2012-10-19,2012-09-28,184451.36,169014.0,176631.51,174087.60155866007,186275.95932586087,192640.747571747,189938.53282476743,178109.34,179805.12,183271.47
S13_D92,2012-10-26,2012-09-28,183483.92,169014.0,165500.6,174087.60155866007,174530.62359070312,175163.03140709925,180927.5191520209,171231.33,171339.58,179462.16
S13_D95,2012-06-15,2012-06-08,164625.75,161545.18,154514.18,156909.15049641047,175797.02694346255,170233.57050379302,165768.0547810158,159992.4,160709.61,163982.88
S13_D95,2012-06-22,2012-06-08,159097.45,161545.18,145546.87,156909.15049641047,166829.7169434625,162543.11830034596,162459.297805165,159364.61,159849.1,165354.86
S13_D95,2012-06-29,2012-06-08,160828.21,161545.18,154699.15,156909.15049641047,175981.99694346252,171470.82271586455,158392.3521378366,149293.47,155627.89,165774.17
S13_D95,2012-07-06,2012-06-08,178572.1,161545.18,150708.83,156909.15049641047,171991.67694346255,163619.53015311432,162264.44891190974,154961.33,158513.58,166684.78
S13_D95,2012-07-13,2012-07-06,157077.34,178572.1,154220.06,169112.13940192785,172471.08966566398,170934.7824960259,167627.01361252423,172625.81,175106.34,173339.62
S13_D95,2012-07-20,2012-07-06,161026.4,178572.1,154310.6,169112.13940192785,172561.629665664,171766.84943236818,173203.15672628058,170122.34,170778.39,173791.64
S13_D95,2012-07-27,2012-07-06,149193.75,178572.1,140511.11,169112.13940192785,158762.13966566397,155040.9306995361,164369.4583314581,159910.9,167663.22,171217.02
S13_D95,2012-08-03,2012-07-06,155704.45,178572.1,147057.83,169112.13940192785,165308.859665664,174031.1308619609,165338.67858663562,169492.44,174574.25,169365.16
S13_D95,2012-08-10,2012-08-03,157892.86,155704.45,148875.78,155919.87494776424,157980.4547899083,157951.4715819673,161650.7235866224,158267.34,156976.06,157358.27
S13_D95,2012-08-17,2012-08-03,159904.77,155704.45,147497.03,155919.87494776424,156601.70478990828,153504.17069644184,162712.79790707657,158154.88,154920.89,157243.88
S13_D95,2012-08-24,2012-08-03,148855.22,155704.45,146692.13,155919.87494776424,155796.8047899083,150389.23774337128,162918.23471851466,148335.42,151332.53,154459.7
S13_D95,2012-08-31,2012-08-03,152271.8,155704.45,151999.7,155919.87494776424,161104.37478990827,159400.10743126593,163356.09510547566,151116.28,154190.92,151624.11
S13_D95,2012-09-07,2012-08-31,153517.31,152271.8,140673.12,153628.08199173227,144974.39715476937,144798.45456410834,157407.839807707,155619.19,154488.42,150504.22
S13_D95,2012-09-14,2012-08-31,140257.94,152271.8,144877.75,153628.08199173227,149179.02715476937,149215.16018274083,160408.6373715667,159801.88,158224.7,149627.52
S13_D95,2012-09-21,2012-08-31,144488.89,152271.8,136196.93,153628.08199173227,140498.20715476936,143560.60198640462,154030.88618250628,151985.34,155107.08,146210.42
S13_D95,2012-09-28,2012-08-31,134396.52,152271.8,136320.32,153628.08199173227,140621.59715476935,139327.56886050384,152568.24436630117,148651.28,151692.05,143428.34
S13_D95,2012-10-05,2012-09-28,140831.65,134396.52,146504.82,141650.85054638897,148870.53442412484,148317.1957440398,150172.68000442124,146701.86,141794.0,137854.17
S13_D95,2012-10-12,2012-09-28,135555.41,134396.52,134564.08,141650.85054638897,136929.79442412482,137675.22687055272,145339.1409878105,144567.84,144339.3,137606.95
S13_D95,2012-10-19,2012-09-28,137768.88,134396.52,140546.86,141650.85054638897,142912.5744241248,140217.75517681008,147495.66436651247,141113.44,144390.6,135605.47
S13_D95,2012-10-26,2012-09-28,127416.33,134396.52,126575.61,141650.85054638897,128941.32442412482,127909.38044982748,143477.01040484008,137805.98,138951.36,132336.98
S14_D92,2012-06-15,2012-06-08,160550.27,206575.9,174197.72,185176.2999189825,173653.6970537412,170864.07084939725,170166.07653204605,173410.55,180353.12,180627.56
S14_D92,2012-06-22,2012-06-08,134236.16,206575.9,166873.16,185159.77534216523,174186.20649189642,170776.97910583185,176897.49416045437,176633.6,178607.84,172644.03
S14_D92,2012-06-29,2012-06-08,135790.38,206575.9,175468.71,185146.5556807114,179013.53270810115,173711.04914436443,168139.02134611038,167789.75,178667.02,176665.89
S14_D92,2012-07-06,2012-06-08,166956.91,206575.9,188688.12,185135.97995154836,194040.1700205906,187660.75384279047,183829.87344995583,189372.12,199246.03,185728.8
S14_D92,2012-07-13,2012-07-06,137087.77,166956.91,168959.37,169136.83655897944,153454.76530101043,170578.07683296473,158224.7499390116,160510.47,160279.4,164285.62
S14_D92,2012-07-20,2012-07-06,141112.33,166956.91,154140.9,168893.15352870274,136124.7230774699,152637.18236324715,155091.86086546298,148807.19,145712.19,157110.2
S14_D92,2012-07-27,2012-07-06,129580.31,166956.91,158816.24,168698.16922955975,141813.1343625627,158553.9763515095,157747.43944661907,141760.2,143385.86,157654.95
S14_D92,2012-08-03,2012-07-06,156774.74,166956.91,197416.29,168542.15148442137,180004.55051199687,198056.5400005925,183439.7313331657,152299.39,154595.83,167381.97
S14_D92,2012-08-10,2012-08-03,163284.81,156774.74,174877.08,152424.67377134587,172991.03670553048,146255.33675184526,148874.1802093148,146139.55,150401.6,152318.44
S14_D92,2012-08-17,2012-08-03,149472.75,156774.74,170690.98,152200.52424024683,161784.912622322,140935.39064941826,146170.10468675697,146094.8,146333.42,148857.94
S14_D92,2012-08-24,2012-08-03,145009.72,156774.74,241120.0,152021.2046153676,234800.0046635928,218928.6685828463,192027.43800211,130553.37,136729.31,145427.19
S14_D92,2012-08-31,2012-08-03,138589.09,156774.74,149419.91,151877.7489154642,145282.81754006498,119115.4202751154,156452.98452824703,141060.94,148324.0,151181.33
S14_D92,2012-09-07,2012-08-31,190579.72,138589.09,214448.96,149124.0629722952,180974.2517644516,141977.12344340532,194054.77327629723,157679.12,155186.5,151344.36
S14_D92,2012-09-14,2012-08-31,146630.33,138589.09,177437.5,148981.72136312397,141338.51799296594,153643.69126402243,155085.5359884282,151709.98,153675.5,149499.42
S14_D92,2012-09-21,2012-08-31,148417.22,138589.09,178288.71,148867.848075787,135673.604346438,160066.78244029684,154889.564753187,139990.75,143431.67,140566.61
S14_D92,2012-09-28,2012-08-31,139707.8,138589.09,172057.5,148776.74944591743,151992.44210711378,152160.1354113584,152001.92729212117,135397.64,135666.3,140342.23
S14_D92,2012-10-05,2012-09-28,169519.23,139707.8,221834.28,151433.41667053197,191242.9524656036,189467.9737277362,207609.21409919224,164800.47,161201.2,154424.84
S14_D92,2012-10-12,2012-09-28,156174.21,139707.8,187911.15,151354.67047863075,156629.3010590908,167796.60165304458,165478.6532693352,159038.77,161405.31,154959.97
S14_D92,2012-10-19,2012-09-28,152511.55,139707.8,181127.71,151291.6730923514,150117.03216884122,156282.618025585,173727.80175423351,148337.61,151965.17,145475.78
S14_D92,2012-10-26,2012-09-28,164464.02,139707.8,183447.07,151241.27483711886,152329.9019571407,152347.1010202106,169665.67370746948,140903.39,141750.3,144696.06
S14_D95,2012-06-15,2012-06-08,136451.11,152203.57,161089.9,143416.3663110319,153361.93372288387,143273.14249705564,148872.6324282257,140894.78,142410.16,148390.34
S14_D95,2012-06-22,2012-06-08,118598.34,152203.57,157320.25,143416.3663110319,146272.7817364582,148612.26722372716,152473.66163346427,142047.98,142510.45,146594.8
S14_D95,2012-06-29,2012-06-08,118370.6,152203.57,162085.04,143416.3663110319,151988.42445929453,148208.82655171573,152627.6379336233,140148.1,146393.8,150817.69
S14_D95,2012-07-06,2012-06-08,140660.4,152203.57,167571.96,143416.3663110319,157202.97803076927,156311.48470874125,160356.06436341422,149076.73,153033.44,152704.16
S14_D95,2012-07-13,2012-07-06,115259.58,140660.4,157244.18,133741.07913247866,145136.92533333332,134644.30707046937,137179.89265551258,135883.6,138296.84,132845.12
S14_D95,2012-07-20,2012-07-06,115656.8,140660.4,151876.28,133741.07913247866,139769.02533333332,134377.61311665978,136463.13187129184,127409.336,127703.65,129960.266
S14_D95,2012-07-27,2012-07-06,109767.88,140660.4,144543.39,133741.07913247866,132436.13533333334,139536.66649792704,133529.22089658378,121524.766,124204.5,130307.58
S14_D95,2012-08-03,2012-07-06,120581.8,140660.4,158852.92,133741.07913247866,146745.66533333334,137284.43591850862,142747.00638402588,132528.56,135933.11,133029.3
S14_D95,2012-08-10,2012-08-03,126159.0,120581.8,145969.16,120679.78252652542,114919.30715031264,115709.58394661322,133965.88852320265,119709.02,119937.76,118685.03
S14_D95,2012-08-17,2012-08-03,117213.66,120581.8,142079.44,120679.78252652542,109815.44627505704,117131.59294212123,128636.56392315376,118067.33,115364.6,116654.67
S14_D95,2012-08-24,2012-08-03,113004.06,120581.8,206433.98,120679.78252652542,175982.69215089202,116938.9262361374,190893.61267166797,108636.51,110847.61,114235.88
S14_D95,2012-08-31,2012-08-03,107728.92,120581.8,126671.85,120679.78252652542,96800.4681792547,118464.79739630345,123437.70016888276,114223.94,117787.65,116507.31
S14_D95,2012-09-07,2012-08-31,131721.03,107728.92,161246.98,115477.19015266169,122863.0529330463,110368.21699702815,137966.32917327125,121014.54,118232.44,111651.195
S14_D95,2012-09-14,2012-08-31,110840.96,107728.92,143460.54,115477.19015266169,94489.58016309777,112566.01226120164,130581.8142692202,118994.62,119112.67,110641.94
S14_D95,2012-09-21,2012-08-31,110174.12,107728.92,137095.63,115477.19015266169,98067.557194345,112841.78401248988,125001.33037210791,111077.086,113696.56,106393.72
S14_D95,2012-09-28,2012-08-31,105376.06,107728.92,134772.5,115477.19015266169,93957.73008553528,111389.80203210012,119189.98043435732,107466.92,107889.13,105150.234
S14_D95,2012-10-05,2012-09-28,118491.68,105376.06,152106.66,112657.2689049724,115917.87039134058,112836.52457743524,127191.91627871484,120057.44,116901.59,105672.36
S14_D95,2012-10-12,2012-09-28,109851.09,105376.06,136819.1,112657.2689049724,105253.61914094526,107215.40113831946,120865.81062222776,119077.4,118687.63,106303.6
S14_D95,2012-10-19,2012-09-28,109526.8,105376.06,133454.08,112657.2689049724,102521.584760572,108704.20034700274,120875.7463236732,111164.29,113799.6,103038.96
S14_D95,2012-10-26,2012-09-28,121352.61,105376.06,137222.81,112657.2689049724,106441.02205188872,109742.82167804572,119633.3244945794,107061.875,108053.54,101389.125
S19_D92,2012-06-15,2012-06-08,106379.71,118265.95,101054.29,104424.756998819,103243.23099014364,105044.32008100384,104728.75516410712,104765.26,109267.69,108655.79
S19_D92,2012-06-22,2012-06-08,98809.67,118265.95,102780.56,100320.19264230107,105366.4907604944,108381.11104468444,109281.11516593228,106143.016,106383.8,103304.29
S19_D92,2012-06-29,2012-06-08,104051.63,118265.95,110543.34,111436.81887902333,113129.2707604944,115000.53023484618,112346.96995914142,104288.58,108703.62,106059.53
S19_D92,2012-07-06,2012-06-08,117793.25,118265.95,110345.51,108123.46722507269,112931.4407604944,114474.67229521825,116695.2801313563,112119.45,117156.055,112503.35
S19_D92,2012-07-13,2012-07-06,105583.45,117793.25,103799.37,102621.97983197415,103654.79475927068,103352.62713422548,107139.98548998256,112631.586,115569.0,109158.37
S19_D92,2012-07-20,2012-07-06,101651.54,117793.25,96370.86,97969.57502814704,97303.70291766862,97508.4920779723,101930.11913922786,105836.15,106976.23,104807.27
S19_D92,2012-07-27,2012-07-06,98813.96,117793.25,97555.81,97745.12568098912,98488.65291766865,97663.4271639188,107156.70243609762,101138.56,105911.11,106110.484
S19_D92,2012-08-03,2012-07-06,108686.93,117793.25,112772.53,113957.5792569774,113705.37291766865,120813.55614458416,114068.89257825386,111153.01,114410.74,112469.13
S19_D92,2012-08-10,2012-08-03,118870.4,108686.93,112962.42,112685.06467400157,115221.04072483936,116915.96888240482,109743.66513835106,108999.56,109123.8,113083.01
S19_D92,2012-08-17,2012-08-03,109323.61,108686.93,106001.69,104460.28042930736,108315.26055103536,106624.56729973716,108146.9962074359,104787.66,103163.25,110917.4
S19_D92,2012-08-24,2012-08-03,116413.39,108686.93,119582.87,115933.33845242488,122208.03730145744,120419.09972342417,113520.67675399616,96656.89,99549.04,110097.91
S19_D92,2012-08-31,2012-08-03,114468.21,108686.93,128390.79,124381.07311067056,128418.56460327176,130089.96548503934,117010.0115441823,103705.25,105902.26,115072.36
S19_D92,2012-09-07,2012-08-31,125067.37,114468.21,133409.6,130678.15523063148,138365.63865820263,138239.7459303335,123864.58017025286,121409.984,119236.086,123486.586
S19_D92,2012-09-14,2012-08-31,117189.75,114468.21,113103.31,112087.77350726418,111967.30162211164,110897.46815206284,116142.05778701896,116409.37,117979.984,119324.695
S19_D92,2012-09-21,2012-08-31,111963.98,114468.21,107552.16,106105.66943058856,106416.15162211162,105307.12472514228,110243.97783003576,111106.51,114184.85,114106.6
S19_D92,2012-09-28,2012-08-31,110587.33,114468.21,110047.61,109477.41683777708,108911.6016221116,109907.1701343225,113936.47441337071,112979.31,112773.28,115164.1
S19_D92,2012-10-05,2012-09-28,121725.85,110587.33,130941.16,128205.4362348342,129438.30780239016,131800.85014280124,130623.6709415364,119755.63,117520.93,122198.46
S19_D92,2012-10-12,2012-09-28,122328.76,110587.33,116911.62,114591.86534217464,116364.3766229448,120092.96024785444,124219.86316838147,118804.7,118679.12,121961.516
S19_D92,2012-10-19,2012-09-28,111288.85,110587.33,118840.84,113975.98269218564,118293.5966229448,119458.86242766208,122293.25466150364,110507.17,113516.336,116828.4
S19_D92,2012-10-26,2012-09-28,109033.04,110587.33,111812.21,109346.76091005774,111264.9666229448,111677.43135992976,119046.7099301209,110409.52,110862.336,116036.484
S1_D92,2012-06-15,2012-06-08,153216.18,153676.53,131903.99,140850.80856948462,146488.9940748104,146491.95541545993,147350.37134159936,146474.8,148666.83,142437.0
S1_D92,2012-06-22,2012-06-08,126763.7,153676.53,112913.22,121729.99732456768,123902.02642229738,128256.1073380196,131342.2334112823,135457.53,137468.17,128317.055
S1_D92,2012-06-29,2012-06-08,125650.26,153676.53,120155.9,132269.04454639278,128673.82793512892,131225.42076527586,127790.2140134966,130076.25,136340.66,128885.516
S1_D92,2012-07-06,2012-06-08,156581.44,153676.53,134861.72,146917.71004691246,147371.60648752743,150048.08844475364,146069.89815646905,148010.2,150639.58,147625.23
S1_D92,2012-07-13,2012-07-06,148531.93,156581.44,131780.79,141152.01288873926,152036.1590794678,148832.93268461782,149802.76953890012,151723.08,155852.97,151741.0
S1_D92,2012-07-20,2012-07-06,134590.45,156581.44,118968.09,127576.07152852032,133930.71216814482,131540.06655778084,129640.82623573724,139110.78,141396.08,135643.75
S1_D92,2012-07-27,2012-07-06,123464.47,156581.44,111929.27,121607.43984431846,122846.44577851715,123014.35669816958,124105.17330491224,128549.97,132750.62,127620.914
S1_D92,2012-08-03,2012-07-06,141450.76,156581.44,137310.46,149879.88715219242,155208.86438928524,159155.9882299234,147462.1182983473,142940.86,146332.22,142156.05
S1_D92,2012-08-10,2012-08-03,150012.51,141450.76,139822.31,148657.1721135321,153717.80291334956,150274.75057557877,147553.88989073125,146354.95,148817.39,157513.98
S1_D92,2012-08-17,2012-08-03,149962.1,141450.76,132026.43,137840.60248171448,147293.79144647755,144271.8485407098,138676.5370584748,141432.64,140815.67,146938.22
S1_D92,2012-08-24,2012-08-03,127017.65,141450.76,117474.47,126696.42387748038,129879.98353302572,134638.4080444789,130334.57160062272,125336.36,126946.58,133268.44
S1_D92,2012-08-31,2012-08-03,132574.48,141450.76,131142.28,142802.88766209484,139877.3957412409,144312.44594160368,136268.85619041751,130407.06,133027.03,138204.75
S1_D92,2012-09-07,2012-08-31,160693.21,132574.48,144592.43,152100.9760548323,152906.05487252184,147818.0417933821,145294.1488480039,146704.2,144408.17,158562.39
S1_D92,2012-09-14,2012-08-31,148861.17,132574.48,143870.73,148649.71535695475,157366.37767944814,158297.02260819892,152162.845449084,149013.06,147932.94,154472.97
S1_D92,2012-09-21,2012-08-31,139354.6,132574.48,122462.32,127158.9960759827,133113.81129512063,136443.35315964502,131618.9658031646,131440.06,134683.64,139942.84
S1_D92,2012-09-28,2012-08-31,122434.07,132574.48,120506.66,130225.8179371532,126460.47400163184,132518.8031897712,128977.16655446633,127933.97,129146.875,138530.7
S1_D92,2012-10-05,2012-09-28,159459.88,122434.07,155370.71,160957.25076317255,165678.72734139537,169249.01380455706,153196.03003558898,146430.14,143171.25,156232.08
S1_D92,2012-10-12,2012-09-28,156944.65,122434.07,145457.88,152229.9748051817,153915.46660073454,158975.46489679496,150438.4687646929,149367.23,149972.67,166321.92
S1_D92,2012-10-19,2012-09-28,146387.59,122434.07,134783.19,136983.92472015563,146636.73303343088,145540.1754862972,143406.30220705905,139869.8,142956.84,151372.14
S1_D92,2012-10-26,2012-09-28,132155.74,122434.07,125065.14,131475.9795882263,132196.76815230004,130255.73771188034,132035.44737203768,125467.01,124771.46,141841.53
S1_D95,2012-06-15,2012-06-08,140806.36,139857.1,135197.63,143013.7877722419,140317.01732394367,138493.7779917159,137932.76291805282,135578.0,135448.44,139471.84
S1_D95,2012-06-22,2012-06-08,124594.4,139857.1,121814.84,128572.51471538129,126934.22732394366,126332.3337981908,129671.60164809208,130939.04,131560.47,132031.88
S1_D95,2012-06-29,2012-06-08,131935.56,139857.1,128054.88,134253.14398284975,133174.26732394367,133089.22767758626,134454.81675494605,126557.695,132109.88,130470.54
S1_D95,2012-07-06,2012-06-08,148798.05,139857.1,133213.04,137700.7600003042,138332.42732394367,138060.7673028602,140689.3643924515,137176.64,139105.53,136176.8
S1_D95,2012-07-13,2012-07-06,129724.74,148798.05,127906.5,132356.09630687075,133124.23973953223,130790.1043036036,142251.94104102827,146010.08,147764.19,143859.33
S1_D95,2012-07-20,2012-07-06,126861.49,148798.05,121483.11,126242.26482025388,126700.84973953222,125099.22762117157,130351.05686001212,136175.9,137402.05,136794.44
S1_D95,2012-07-27,2012-07-06,121030.79,148798.05,117284.94,119597.33274608366,122502.67973953222,119791.05780342213,127939.2820324688,128796.484,134302.05,132354.67
S1_D95,2012-08-03,2012-07-06,134832.22,148798.05,138538.47,143249.82674207867,143756.2097395322,145194.02232723066,142159.39528307397,142132.02,144634.98,137461.08
S1_D95,2012-08-10,2012-08-03,137408.2,134832.22,138567.1,143268.79282807515,143612.2481012658,141940.55643073955,140049.9295931201,133840.36,134221.45,139975.34
S1_D95,2012-08-17,2012-08-03,136264.68,134832.22,133260.84,136753.8908665287,138305.98810126583,136842.29073828488,134374.77505709042,130120.3,127697.33,136627.72
S1_D95,2012-08-24,2012-08-03,118845.34,134832.22,122721.92,127748.00385463424,127767.06810126582,125929.77092019375,129246.9766125628,119624.555,123027.516,130048.11
S1_D95,2012-08-31,2012-08-03,124741.33,134832.22,130446.34,135077.77189375318,135491.48810126583,132628.89350695646,129332.85105073394,128373.45,131774.62,130398.09
S1_D95,2012-09-07,2012-08-31,140657.4,124741.33,133762.77,136917.0446141053,138471.5657831325,139956.55123948876,134258.85916665176,133504.5,132866.8,137583.7
S1_D95,2012-09-14,2012-08-31,128542.73,124741.33,133939.4,136844.924682848,138648.1957831325,138370.83612316332,140062.65601326386,134875.53,134038.58,134995.48
S1_D95,2012-09-21,2012-08-31,119121.35,124741.33,116165.28,122498.07681670738,120874.07578313252,119947.73314532053,120745.72066941531,121251.83,124254.99,125407.08
S1_D95,2012-09-28,2012-08-31,115326.47,124741.33,115663.78,120956.77944994226,120372.57578313252,119627.8462280126,122396.87729942688,119755.59,121240.5,122161.195
S1_D95,2012-10-05,2012-09-28,127009.22,115326.47,132805.42,134005.23397633017,137345.038045977,136575.0608995365,141815.0898001694,131220.77,128309.7,124904.72
S1_D95,2012-10-12,2012-09-28,124559.93,115326.47,125954.3,132258.02554305553,130493.918045977,128555.87179964031,135916.06729820734,131876.66,132214.4,126127.29
S1_D95,2012-10-19,2012-09-28,123346.24,115326.47,116931.34,120064.9906993321,121470.958045977,122796.50464603589,124544.30049640768,122022.64,125934.79,116884.08
S1_D95,2012-10-26,2012-09-28,117375.38,115326.47,108018.21,113239.3558932953,112557.82804597702,113033.8015248294,119382.06729069931,115776.96,116616.14,111136.4
S20_D92,2012-06-15,2012-06-08,182448.55,188978.51,160850.97,170404.08763620572,174903.61569367087,171907.09755860068,168717.38004464743,169572.23,175014.25,173724.8
S20_D92,2012-06-22,2012-06-08,151023.66,188978.51,136790.65,146350.42172214223,150843.2956936708,149044.2330161176,151075.58182872343,162084.53,165075.55,154641.95
S20_D92,2012-06-29,2012-06-08,153806.02,188978.51,150608.02,166952.02938444374,164660.6656936708,162229.50821553302,155965.5321636201,150507.77,160342.4,151651.73
S20_D92,2012-07-06,2012-06-08,181325.94,188978.51,166809.86,176922.44738075466,180862.50569367083,177122.22455703828,175629.1304604127,171198.67,179217.05,179874.34
S20_D92,2012-07-13,2012-07-06,191882.2,181325.94,169013.07,178241.81613683776,182588.3289339888,180108.51536601354,176775.4506290037,182122.92,187358.48,183889.06
S20_D92,2012-07-20,2012-07-06,161955.74,181325.94,144966.99,155727.1982473771,158542.2489339887,156379.73063622843,161378.31482935417,166118.1,168138.11,164316.55
S20_D92,2012-07-27,2012-07-06,149301.45,181325.94,139187.44,150425.0687751833,152762.69893398875,148488.02878480186,150274.40535870075,152640.61,156880.88,153520.48
S20_D92,2012-08-03,2012-07-06,169471.46,181325.94,172936.71,177401.01053346513,186511.96893398877,182263.26174347705,175214.942234607,165307.75,169335.06,170109.86
S20_D92,2012-08-10,2012-08-03,194032.48,169471.46,173616.04,188813.95730261525,185816.72717789124,186470.91322504476,186393.3452887016,179664.77,184129.4,192902.02
S20_D92,2012-08-17,2012-08-03,178603.53,169471.46,154544.41,162098.12400463503,166745.0971778913,165322.41409251036,163512.89658315608,171348.2,172947.75,179303.64
S20_D92,2012-08-24,2012-08-03,159088.13,169471.46,144088.38,153698.30158205004,156289.06717789127,153487.96006515375,160878.59555214847,153291.14,156353.77,160694.73
S20_D92,2012-08-31,2012-08-03,159049.57,169471.46,164320.09,178574.82669876693,176520.77717789123,176291.20702118272,167426.39648410818,157746.72,161138.48,168310.48
S20_D92,2012-09-07,2012-08-31,178042.73,159049.57,177797.45,187401.96862489855,190015.73735754413,189324.2533985664,192307.01856082343,184250.75,180362.2,191164.92
S20_D92,2012-09-14,2012-08-31,186759.11,159049.57,174558.24,181636.48300854725,186776.5273575441,189004.47636764092,184346.3372666119,184369.7,183705.78,190269.83
S20_D92,2012-09-21,2012-08-31,171529.39,159049.57,153460.19,158125.18026097977,165678.47735754412,167958.641139079,165943.6524081572,163542.88,166921.84,170856.34
S20_D92,2012-09-28,2012-08-31,158539.12,159049.57,150256.26,161514.13216950806,162474.5473575441,163798.69589623302,166054.56116581653,156034.86,156887.98,165763.42
S20_D92,2012-10-05,2012-09-28,187027.05,158539.12,187148.37,199040.70526584532,198528.4688540937,195797.98534211924,186481.5471799136,175637.69,171780.83,188103.45
S20_D92,2012-10-12,2012-09-28,191136.1,158539.12,182995.14,192236.70647981612,194375.23885409368,199909.25724971504,199235.11642978832,186888.16,184570.19,201921.53
S20_D92,2012-10-19,2012-09-28,171537.94,158539.12,168519.99,174278.6708054587,179900.08885409372,179799.55428746366,175726.6266163061,177052.3,178849.98,183887.64
S20_D92,2012-10-26,2012-09-28,160785.98,158539.12,159043.55,164226.88389798495,170423.6488540937,168945.55148484348,166946.4867033094,160469.58,161232.28,170598.75
S20_D95,2012-06-15,2012-06-08,166719.98,165947.49,156659.84,156720.35562262658,158959.41303804106,158610.8024903064,163360.15342206164,158291.3,159784.14,164287.14
S20_D95,2012-06-22,2012-06-08,159481.7,165947.49,143228.89,156720.35562262658,145528.46303804102,145171.4562624482,154220.99918676767,154910.56,155218.3,159235.27
S20_D95,2012-06-29,2012-06-08,158878.93,165947.49,153476.04,156720.35562262658,155775.61303804108,156412.49563032837,153079.33912879802,149188.98,155651.84,160721.61
S20_D95,2012-07-06,2012-06-08,185215.02,165947.49,163238.85,156720.35562262658,165538.42303804104,163112.89353589615,158739.01321068153,160876.1,164397.48,167868.92
S20_D95,2012-07-13,2012-07-06,175118.96,185215.02,165144.64,168476.60897702165,176857.24424492073,174708.0557214634,168704.1335513189,175298.16,179337.75,177222.98
S20_D95,2012-07-20,2012-07-06,154528.96,185215.02,159137.96,172266.76607855788,170850.56424492065,167440.46795241715,169944.04700991584,170965.0,171825.67,170379.55
S20_D95,2012-07-27,2012-07-06,146492.15,185215.02,147584.99,175298.89175978684,159297.59424492065,151729.70926053272,160230.45877329045,158734.22,167438.19,165441.16
S20_D95,2012-08-03,2012-07-06,157301.71,185215.02,167356.08,177724.59230477005,179068.68424492065,166744.3344124506,167117.19672024364,172341.27,178494.9,168825.05
S20_D95,2012-08-10,2012-08-03,174529.94,157301.71,162233.26,159247.6034722607,162066.21721499012,165534.92568232107,170903.69789641304,167458.27,168518.58,165093.72
S20_D95,2012-08-17,2012-08-03,158188.87,157301.71,150600.59,159247.6034722607,150433.5472149901,152625.22567090002,160259.4724053913,158613.67,156613.25,161472.25
S20_D95,2012-08-24,2012-08-03,151040.06,157301.71,141664.52,159247.6034722607,141497.47721499015,140024.90200053054,156550.44045290377,145644.1,148599.28,154099.0
S20_D95,2012-08-31,2012-08-03,153289.15,157301.71,154018.64,159247.6034722607,153851.59721499012,155845.12789482842,160774.83492881866,150597.03,153604.84,153942.3
S20_D95,2012-09-07,2012-08-31,158419.86,153289.15,157060.82,157563.88232160427,161246.3441963913,165212.09584998444,174178.5210012439,168631.0,166371.77,160470.27
S20_D95,2012-09-14,2012-08-31,158569.31,153289.15,153382.54,157563.88232160427,157568.06419639132,160513.37857961643,169329.05574439233,168039.14,167482.9,160183.84
S20_D95,2012-09-21,2012-08-31,147852.54,153289.15,137080.9,157563.88232160427,141266.42419639128,143148.89698202518,152570.77006183317,152564.27,155523.0,149830.22
S20_D95,2012-09-28,2012-08-31,136009.73,153289.15,137190.69,157563.88232160427,141376.2141963913,140857.81972027966,149762.80493718953,149966.95,151132.69,146114.48
S20_D95,2012-10-05,2012-09-28,154324.26,136009.73,148157.0,150062.2246732465,152030.7155035782,151782.88966496143,154167.70117687105,152938.81,148208.38,149381.6
S20_D95,2012-10-12,2012-09-28,154962.77,136009.73,154192.98,150062.2246732465,158066.69550357823,155452.4531977125,157104.09292036173,158146.08,156317.44,153387.27
S20_D95,2012-10-19,2012-09-28,146373.83,136009.73,142458.53,150062.2246732465,146332.24550357813,146478.14690864377,147396.91460515722,149359.55,151804.69,144475.08
S20_D95,2012-10-26,2012-09-28,141644.44,136009.73,133484.29,150062.2246732465,137358.00550357817,139519.33657287926,140823.027873724,139138.7,139870.17,138057.28
S24_D92,2012-06-15,2012-06-08,121220.37,141050.76,114783.81,116926.51499487583,115242.96387104195,119375.90942092807,119801.54273809047,117540.43,121577.15,119027.086
S24_D92,2012-06-22,2012-06-08,111110.79,141050.76,104578.55,108173.6483870628,111669.82331577118,109095.82132268471,115227.75763236191,117254.28,118971.6,111632.92
S24_D92,2012-06-29,2012-06-08,121032.31,141050.76,125238.89,130660.12271677608,127171.49558919684,130275.67354382372,127170.06473625272,111584.766,119512.73,116994.63
S24_D92,2012-07-06,2012-06-08,144750.97,141050.76,138687.64,139248.16834803627,144632.81697530922,141548.0332504149,139241.26615902508,127588.45,134769.77,133446.7
S24_D92,2012-07-13,2012-07-06,127325.76,144750.97,115146.59,117330.24941955577,119344.78920309944,119733.35760066244,124625.49471170366,129468.984,134679.81,126696.08
S24_D92,2012-07-20,2012-07-06,119197.53,144750.97,108950.6,112776.6608467914,113148.79920309944,113930.40261441868,113685.9977639132,120322.16,123737.4,117228.43
S24_D92,2012-07-27,2012-07-06,116273.29,144750.97,111423.68,114532.99574683506,115621.87920309944,116531.29866104951,114395.92992093,114337.83,122679.72,116104.35
S24_D92,2012-08-03,2012-07-06,132483.29,144750.97,129313.4,134673.7762884578,133511.59920309944,134902.19871355023,138931.46775524746,128966.64,136260.1,130313.53
S24_D92,2012-08-10,2012-08-03,147557.68,132483.29,130071.33,131337.67153743413,134442.3494936709,138013.48624523907,135763.39339528474,132084.6,133576.84,135824.9
S24_D92,2012-08-17,2012-08-03,120974.69,132483.29,117698.15,119044.57148035272,122069.16949367088,120959.52737178458,122595.05165426731,123774.2,123122.305,127925.805
S24_D92,2012-08-24,2012-08-03,114312.22,132483.29,128637.75,125571.21201253423,133008.7694936709,134296.50496577396,129946.53594654004,112982.75,116934.84,122455.04
S24_D92,2012-08-31,2012-08-03,114999.79,132483.29,107542.08,118905.1616613998,111913.09949367087,115016.90487549212,118919.96494999569,123822.484,126813.08,127533.69
S24_D92,2012-09-07,2012-08-31,148160.88,114999.79,148125.22,149690.65552712823,152452.99842753605,153718.09077644587,144784.20838686585,132612.58,131525.78,139073.27
S24_D92,2012-09-14,2012-08-31,127620.98,114999.79,113548.16,120131.26696146444,117875.93842753606,119504.5819263224,122600.0441134765,124691.164,126662.84,131481.33
S24_D92,2012-09-21,2012-08-31,122230.72,114999.79,116314.19,115935.88363202653,120641.96842753603,123012.86316345316,119469.69903779596,113648.74,118147.02,121985.26
S24_D92,2012-09-28,2012-08-31,123594.9,114999.79,116140.3,118734.08139848048,120468.07842753603,126445.20861657742,115063.90824659812,112388.74,114361.016,125303.64
S24_D92,2012-10-05,2012-09-28,150026.37,123594.9,147637.35,149712.44256236136,152082.0077011494,150458.08349244067,145722.49585096253,138873.14,137852.89,143924.08
S24_D92,2012-10-12,2012-09-28,146764.4,123594.9,128260.15,128786.48369502932,132704.80770114943,136283.45469880488,135694.2812187836,139970.17,140413.1,138469.62
S24_D92,2012-10-19,2012-09-28,126124.97,123594.9,118740.86,121368.28995230416,123185.51770114942,125087.6291620676,130348.38546909372,126186.77,128221.016,127506.12
S24_D92,2012-10-26,2012-09-28,134136.75,123594.9,123905.76,122319.81290527656,128350.41770114942,127386.330383173,130028.87929470204,121498.266,122216.23,127544.63
S27_D92,2012-06-15,2012-06-08,141662.09,149448.85,147264.06,141450.16996387538,141769.57116697406,143370.44215204162,144705.3113144617,137287.69,140842.08,141918.47
S27_D92,2012-06-22,2012-06-08,131999.23,149448.85,131139.8,141450.16996387538,128027.62111594774,128654.17521260578,143016.27454526493,138928.84,138535.12,139907.77
S27_D92,2012-06-29,2012-06-08,135143.25,149448.85,144377.71,141450.16996387538,141265.53111594776,142101.23310562377,138483.48711274948,132905.39,138826.06,140365.08
S27_D92,2012-07-06,2012-06-08,148345.56,149448.85,150767.01,141450.16996387538,147654.83111594777,147362.1777785666,153316.13969273304,142704.64,148069.55,141827.78
S27_D92,2012-07-13,2012-07-06,135398.64,148345.56,136149.72,140657.2054158562,133139.17234779632,132672.30190431885,142535.11923649278,146842.81,148436.58,141933.5
S27_D92,2012-07-20,2012-07-06,135117.73,148345.56,126227.14,140657.2054158562,123095.87019387617,124868.09581710312,136645.8113844458,140584.62,140157.66,139695.5
S27_D92,2012-07-27,2012-07-06,130499.53,148345.56,133964.08,140657.2054158562,130832.81019387618,129425.37848514576,131979.7318214296,132904.5,137663.39,138902.56
S27_D92,2012-08-03,2012-07-06,134395.13,148345.56,141913.26,140657.2054158562,138781.9901938762,141917.35253448875,142032.7860441471,141135.23,144634.98,141252.47
S27_D92,2012-08-10,2012-08-03,143905.06,134395.13,147814.84,137022.1735876558,145739.37417275106,145879.507396189,140810.5411625715,137824.38,135749.19,140595.47
S27_D92,2012-08-17,2012-08-03,144627.75,134395.13,138755.26,137022.1735876558,135756.67392321982,135270.8739231984,137159.93563848446,135845.52,133454.66,142386.12
S27_D92,2012-08-24,2012-08-03,137088.36,134395.13,182446.24,137022.1735876558,179447.6539232198,179657.67499960095,159567.87745120112,127741.01,130713.195,141158.2
S27_D92,2012-08-31,2012-08-03,137220.53,134395.13,123234.87,137022.1735876558,120236.28392321985,123170.93564734576,134695.26146976743,131556.6,133521.75,141758.06
S27_D92,2012-09-07,2012-08-31,159620.82,137220.53,163926.04,138628.53432165476,159032.22316232586,163023.35395066248,156588.40683141362,142455.73,140954.62,145096.66
S27_D92,2012-09-14,2012-08-31,138774.34,137220.53,139963.06,138628.53432165476,136733.51035246105,140183.90084876132,144343.1535980855,145625.7,145211.9,144231.19
S27_D92,2012-09-21,2012-08-31,138999.64,137220.53,138232.2,138628.53432165476,135002.65035246106,137419.4773799503,140401.32557137075,137883.94,140886.6,140530.02
S27_D92,2012-09-28,2012-08-31,133645.67,137220.53,139742.15,138628.53432165476,136512.60035246104,139964.64991976108,138321.43054952825,134736.34,136198.0,140277.7
S27_D92,2012-10-05,2012-09-28,141883.37,133645.67,151824.14,139901.0062022203,149104.64633406894,151061.68635573113,154996.16706273606,149463.84,146166.7,145625.66
S27_D92,2012-10-12,2012-09-28,153916.28,133645.67,150560.39,139901.0062022203,147379.64579371046,146665.6912375694,145185.59695451683,146733.02,147293.83,146791.45
S27_D92,2012-10-19,2012-09-28,141544.19,133645.67,143556.43,139901.0062022203,140375.6857937104,139754.3482401878,139655.65069665044,137927.78,141469.72,143966.42
S27_D92,2012-10-26,2012-09-28,156059.63,133645.67,145362.99,139901.0062022203,142182.24579371038,142244.94668684006,141270.83989109105,134388.31,134890.83,142874.02
S27_D95,2012-06-15,2012-06-08,122029.05,121275.9,128470.7,120758.3789624067,121834.82619718312,121472.95746797293,127461.20495623728,118692.48,117637.195,125964.67
S27_D95,2012-06-22,2012-06-08,126743.97,121275.9,128044.23,120758.3789624067,121408.35619718308,122917.62385766668,132144.73818113166,123193.08,124503.83,128362.96
S27_D95,2012-06-29,2012-06-08,128662.2,121275.9,139416.56,120758.3789624067,132780.6861971831,123648.64566557138,133688.69458328484,123046.96,126973.23,131455.4
S27_D95,2012-07-06,2012-06-08,151757.43,121275.9,146112.56,120758.3789624067,139476.6861971831,126116.39457620616,133668.8323085994,121630.48,123109.86,131498.44
S27_D95,2012-07-13,2012-07-06,127637.88,151757.43,133154.51,134581.6890335598,126701.1974666667,126432.35982904476,128384.50079247104,130069.5,130770.055,134499.0
S27_D95,2012-07-20,2012-07-06,122184.65,151757.43,132468.94,134581.6890335598,126015.62746666666,126356.43493111612,131862.8947970246,131702.58,130164.05,132490.84
S27_D95,2012-07-27,2012-07-06,116328.79,151757.43,127636.84,134581.6890335598,121183.52746666668,119732.19550109282,129847.93021753902,128868.7,134843.4,130904.77
S27_D95,2012-08-03,2012-07-06,118072.23,151757.43,127726.67,134581.6890335598,121273.35746666664,119547.09485024778,132375.4250281948,140629.52,146030.9,129169.83
S27_D95,2012-08-10,2012-08-03,124757.74,118072.23,129059.15,122201.95490309154,122467.22784810126,122690.22315061578,132401.84495776868,124658.69,124322.87,120350.63
S27_D95,2012-08-17,2012-08-03,121102.05,118072.23,116561.94,122201.95490309154,109970.01784810128,110796.47626200464,120373.6999156094,120477.32,117961.01,118537.195
S27_D95,2012-08-24,2012-08-03,117147.29,118072.23,161572.75,122201.95490309154,154980.82784810127,155528.8880945825,145775.14534622573,113744.43,115295.18,116473.0
S27_D95,2012-08-31,2012-08-03,116213.69,118072.23,110474.05,122201.95490309154,103882.12784810129,104654.80973398517,121150.67305190425,115489.34,117168.36,115465.95
S27_D95,2012-09-07,2012-08-31,128227.78,116213.69,123163.71,119050.52538370463,115334.85787309034,121160.67171464844,127212.81949872736,122237.74,120132.63,115880.34
S27_D95,2012-09-14,2012-08-31,107557.38,116213.69,111234.65,119050.52538370463,104497.95972364472,119513.41102457288,119577.58490494332,124364.03,123242.72,113341.84
S27_D95,2012-09-21,2012-08-31,107084.92,116213.69,103895.73,119050.52538370463,97159.03972364472,118653.57707004707,112694.9626605576,117636.7,119879.16,111143.62
S27_D95,2012-09-28,2012-08-31,99336.62,116213.69,107585.34,119050.52538370463,100848.64972364472,117200.33328238055,110027.81875212352,115187.42,116335.39,109778.42
S27_D95,2012-10-05,2012-09-28,104679.37,99336.62,112209.96,108444.17304106837,105740.05540229884,107682.01012863888,118938.86626463028,114473.336,109684.89,105958.62
S27_D95,2012-10-12,2012-09-28,105135.68,99336.62,111124.81,108444.17304106837,104654.90540229884,103348.18116186926,114318.5135851372,111715.15,110904.5,105600.62
S27_D95,2012-10-19,2012-09-28,101088.31,99336.62,110706.48,108444.17304106837,104236.57540229884,104312.96357478671,113310.89967328908,106305.336,108990.87,105058.06
S27_D95,2012-10-26,2012-09-28,113812.81,99336.62,109738.87,108444.17304106837,103268.96540229884,105526.73134583376,109753.78784058672,102524.484,103633.7,104363.68
S2_D92,2012-06-15,2012-06-08,169931.76,181331.71,154415.51,162962.89097299884,167806.29779565192,163260.05599783498,168581.17123953038,173731.75,176896.97,166879.25
S2_D92,2012-06-22,2012-06-08,159611.89,181331.71,136015.49,144497.76629136605,149406.27779565193,152212.97124220655,154289.20213811033,168034.2,168444.38,154700.06
S2_D92,2012-06-29,2012-06-08,155974.44,181331.71,147909.33,157009.94713841277,161300.11779565192,157715.36194316912,158331.0929898653,154526.89,162133.56,155292.12
S2_D92,2012-07-06,2012-06-08,179105.49,181331.71,153339.39,161369.69043927838,166730.17779565198,161196.8114370426,173468.1261373386,170815.23,175709.92,168299.22
S2_D92,2012-07-13,2012-07-06,168345.97,179105.49,153783.12,161717.20881192095,169862.43654693328,163677.022430824,174705.30344964264,176708.98,179850.64,170392.84
S2_D92,2012-07-20,2012-07-06,164392.53,179105.49,146359.81,150007.3598061101,162439.12654693332,155556.75647644693,160728.53491496225,170793.56,170515.6,161161.12
S2_D92,2012-07-27,2012-07-06,156687.73,179105.49,138802.82,144509.54157181483,154882.13654693333,143257.82820379993,156582.46868996703,154822.11,161113.28,154217.27
S2_D92,2012-08-03,2012-07-06,170120.39,179105.49,160468.74,167579.89815989888,176548.05654693325,161556.69294563684,170169.98305342047,166409.95,171535.17,162982.06
S2_D92,2012-08-10,2012-08-03,170283.67,170120.39,158082.14,164091.34736184502,173453.01927796652,165479.9206115015,172338.68242848993,172364.67,172904.39,176118.28
S2_D92,2012-08-17,2012-08-03,173002.07,170120.39,153827.25,157980.5955492088,169198.12927796648,161660.9955635717,171041.5444246077,170341.95,168655.38,173910.25
S2_D92,2012-08-24,2012-08-03,157874.84,170120.39,147186.84,150253.0897693712,162557.7192779665,161772.2306465386,162176.27052852837,155529.66,160057.66,164901.5
S2_D92,2012-08-31,2012-08-03,169994.15,170120.39,156168.3,164773.83596773876,171539.17927796647,165131.60151347998,158438.71405000164,161259.34,164845.98,167398.78
S2_D92,2012-09-07,2012-08-31,182189.34,169994.15,164687.59,169755.57783359452,179350.3219636574,172320.39300980195,180417.10877664547,171413.33,172203.7,182205.03
S2_D92,2012-09-14,2012-08-31,179419.94,169994.15,163843.05,167159.1945567055,178505.78196365735,178560.18816273287,176525.29536304087,175036.34,174070.9,183447.02
S2_D92,2012-09-21,2012-08-31,169646.36,169994.15,150256.66,150970.2098701184,164919.3919636574,165588.13766859795,162464.64387873243,160511.81,165904.08,173641.42
S2_D92,2012-09-28,2012-08-31,159369.52,169994.15,148682.36,157720.79926352118,163345.09196365735,160537.20747658025,161595.50654653664,161489.94,166035.9,172101.44
S2_D92,2012-10-05,2012-09-28,192860.85,159369.52,176375.65,176153.1121545469,191402.6079454723,190146.40308523868,181402.08356630857,177266.14,173137.4,184430.1
S2_D92,2012-10-12,2012-09-28,192455.74,159369.52,164033.78,171106.81377916553,179060.73794547236,183089.65770082263,181358.84259612064,180341.72,179269.75,194879.47
S2_D92,2012-10-19,2012-09-28,175971.97,159369.52,163289.88,163409.5694633864,178316.83794547233,175168.93097657815,175185.74525435246,170654.2,172898.33,186104.05
S2_D92,2012-10-26,2012-09-28,169784.13,159369.52,158040.78,161297.8993982521,173067.73794547233,171071.078370462,173258.41426806024,159675.44,159835.42,181009.88
S2_D95,2012-06-15,2012-06-08,162591.53,164570.41,160573.9,155240.03481010158,170976.8278146023,164607.72864961298,162879.11967463628,158660.08,159897.42,165017.47
S2_D95,2012-06-22,2012-06-08,152744.91,164570.41,143215.23,155240.03481010158,153618.15781460228,156817.07099557656,149916.26493080892,157062.0,157553.22,160768.34
S2_D95,2012-06-29,2012-06-08,157961.78,164570.41,149535.24,155240.03481010158,159938.16781460226,157285.41131887602,153865.50979190777,148521.11,155357.36,160030.9
S2_D95,2012-07-06,2012-06-08,168543.95,164570.41,150745.54,155240.03481010158,161148.46781460228,153968.56997989115,159307.5618970776,158476.05,162161.77,162881.72
S2_D95,2012-07-13,2012-07-06,146470.0,168543.95,145466.11,160635.21800851525,157367.82392037843,151314.8432823383,158214.38929013212,168503.44,168458.5,165481.61
S2_D95,2012-07-20,2012-07-06,148192.06,168543.95,142703.37,160635.21800851525,154605.08392037844,150653.93335069055,150337.5444560076,162238.94,161931.11,161552.72
S2_D95,2012-07-27,2012-07-06,149195.96,168543.95,139795.89,160635.21800851525,151697.6039203784,148061.737544883,152496.90994355094,154181.84,159914.88,159640.98
S2_D95,2012-08-03,2012-07-06,159757.29,168543.95,151286.82,160635.21800851525,163188.53392037845,152889.09973904293,163444.53396276824,162879.69,165808.1,162997.28
S2_D95,2012-08-10,2012-08-03,157227.55,159757.29,150502.78,154557.06333569792,158584.694537723,159566.8046411592,154843.6639942244,154587.2,154293.83,160424.39
S2_D95,2012-08-17,2012-08-03,151758.6,159757.29,146619.44,154557.06333569792,154701.35453772303,155114.3886213214,150000.25214672118,151468.88,149589.5,159328.92
S2_D95,2012-08-24,2012-08-03,137902.5,159757.29,147167.55,154557.06333569792,155249.464537723,154420.03107412328,152756.68265048275,145480.17,150850.3,155258.33
S2_D95,2012-08-31,2012-08-03,154732.04,159757.29,145434.71,154557.06333569792,153516.62453772302,150237.6424977563,146574.6794626121,155561.62,159687.48,154173.38
S2_D95,2012-09-07,2012-08-31,155701.57,154732.04,144040.98,150906.6277832788,148033.22493539442,153891.67411187306,151870.4808825789,155285.31,157055.23,153988.1
S2_D95,2012-09-14,2012-08-31,151208.59,154732.04,142322.71,150906.6277832788,146314.95493539437,149855.15521126776,149121.53497690975,153825.0,152410.81,154126.47
S2_D95,2012-09-21,2012-08-31,145469.62,154732.04,135033.36,150906.6277832788,139025.60493539434,141724.0920694136,143126.51378387923,140023.44,144485.92,149347.14
S2_D95,2012-09-28,2012-08-31,144370.82,154732.04,135333.7,150906.6277832788,139325.94493539436,142441.42288809002,144832.85524524763,145808.56,149680.98,146965.2
S2_D95,2012-10-05,2012-09-28,152482.21,144370.82,148486.25,148235.84935719037,157179.86648671923,155866.75796302065,157257.00535704105,155102.38,152172.48,146743.72
S2_D95,2012-10-12,2012-09-28,145394.36,144370.82,141333.41,148235.84935719037,150027.0264867192,147197.44238485373,145330.81385576603,155388.34,154144.02,147627.2
S2_D95,2012-10-19,2012-09-28,146283.06,144370.82,137866.17,148235.84935719037,146559.7864867192,145815.26800207232,145332.40358673892,145145.11,147324.19,143289.08
S2_D95,2012-10-26,2012-09-28,138018.99,144370.82,128987.1,148235.84935719037,137680.7164867192,138055.70140889034,140680.58126487053,141741.16,142751.4,140230.98
S31_D92,2012-06-15,2012-06-08,137693.68,133442.69,128438.24,133586.59464982388,140040.6542750932,142206.9879671571,136728.12596341566,133340.6,134273.53,132330.14
S31_D92,2012-06-22,2012-06-08,123099.67,133442.69,114611.47,119195.72193078363,119390.40550303285,123768.38063707289,126513.04839110334,128688.24,127947.52,123344.79
S31_D92,2012-06-29,2012-06-08,116909.04,133442.69,114808.21,122411.13641073466,121962.88094964126,124038.63281916323,121825.9112241512,117964.74,121604.47,118797.99
S31_D92,2012-07-06,2012-06-08,129715.22,133442.69,130319.56,135315.6287232778,136647.069453165,140824.65418122,138363.27253366224,127076.195,129525.445,128460.195
S31_D92,2012-07-13,2012-07-06,134077.82,129715.22,134088.56,139417.05993989226,138513.66348661995,141133.2092184059,138840.20534888853,134927.58,136095.31,135684.75
S31_D92,2012-07-20,2012-07-06,128203.0,129715.22,122868.11,127973.65897441928,128346.16910615948,133395.0614094703,132371.40381798582,130990.445,130477.26,130002.43
S31_D92,2012-07-27,2012-07-06,116349.1,129715.22,114493.29,120268.40816830086,119775.15177862588,121553.46699598074,123088.6245346359,117570.945,120123.14,119376.58
S31_D92,2012-08-03,2012-07-06,124972.61,129715.22,126988.74,134860.39026387694,132307.15924659226,129657.56081227136,135278.89122129272,122039.76,123968.12,123330.72
S31_D92,2012-08-10,2012-08-03,137390.58,124972.61,136060.96,139389.1237219053,136974.24538999243,141876.09784192932,140524.8471100522,132057.88,131621.62,137304.9
S31_D92,2012-08-17,2012-08-03,134117.33,124972.61,133307.07,137244.08461228892,135922.1274395626,142288.93019061556,138796.98988275425,133059.66,131917.53,136543.0
S31_D92,2012-08-24,2012-08-03,122904.34,124972.61,120416.08,126348.12768093131,123031.13743956262,130173.8474170545,126314.70284934262,118703.33,121172.35,124459.33
S31_D92,2012-08-31,2012-08-03,120239.2,124972.61,119240.08,127276.8364151344,121855.1374395626,123207.81318316358,125625.40907804293,118888.75,120836.945,122108.52
S31_D92,2012-09-07,2012-08-31,134890.51,120239.2,134253.15,141001.94656670178,135276.37364716156,138827.06650934942,134764.3619506478,133837.83,130872.24,133258.31
S31_D92,2012-09-14,2012-08-31,132705.22,120239.2,134330.44,139643.9028359612,136276.53206948424,142581.80525543634,139797.6568050855,136633.05,135342.69,136922.25
S31_D92,2012-09-21,2012-08-31,135088.96,120239.2,127814.62,130364.30510004006,129760.71206948425,135867.66043291692,127901.53555349846,125662.586,127728.56,128973.9
S31_D92,2012-09-28,2012-08-31,121930.35,120239.2,118423.82,124373.20623402129,120369.91206948424,126584.80528929064,122321.08544876389,118955.49,119511.45,124226.945
S31_D92,2012-10-05,2012-09-28,137441.18,121930.35,140423.44,144423.9687656281,141495.72450555378,140806.04785956416,139365.77691835523,132653.03,128815.45,134425.3
S31_D92,2012-10-12,2012-09-28,149580.76,121930.35,138531.47,141427.08379807288,140794.8177066732,143562.38484671127,139023.69968744903,137220.83,136674.73,146724.9
S31_D92,2012-10-19,2012-09-28,141980.02,121930.35,130704.17,136298.74425190277,132967.5177066732,133208.7352140406,136683.32369141775,134179.48,135617.02,142761.03
S31_D92,2012-10-26,2012-09-28,124776.52,121930.35,123784.72,130686.54918473164,126048.06770667325,126062.10718664055,129519.7733824158,124843.836,124681.016,134320.03
S41_D92,2012-06-15,2012-06-08,119096.56,129710.57,102237.32,116605.11015564363,108283.6037441422,112267.834845528,110585.01639914376,117765.16,121002.914,115466.516
S41_D92,2012-06-22,2012-06-08,113212.13,129710.57,102402.17,110216.83041149982,117143.38905596091,110808.29138217712,119476.90763444132,122238.75,122600.41,109196.67
S41_D92,2012-06-29,2012-06-08,114286.18,129710.57,107937.88,119133.11677235384,114550.0757599915,115432.95584119095,114871.38137186183,115923.414,122002.46,112584.984
S41_D92,2012-07-06,2012-06-08,124014.71,129710.57,113573.61,120153.60716066972,126369.10669803458,122235.74262428789,124936.85700675074,122732.836,127869.58,118998.99
S41_D92,2012-07-13,2012-07-06,120009.88,124014.71,106890.41,114968.18812571732,117107.91947788167,118266.90537991076,114303.32615802511,122139.82,123749.234,118413.43
S41_D92,2012-07-20,2012-07-06,116051.97,124014.71,104984.18,115113.08900364544,115708.48924002502,116363.56158637696,112961.83527435966,117792.34,117268.91,113619.36
S41_D92,2012-07-27,2012-07-06,117836.74,124014.71,98999.45,109254.04890775484,108771.3577513904,107944.14290798426,108396.93051607456,113293.7,116689.07,112255.33
S41_D92,2012-08-03,2012-07-06,128724.44,124014.71,114779.49,127636.19592264792,125200.11166596971,127070.81219251538,117724.63024769032,118675.23,121797.31,117434.305
S41_D92,2012-08-10,2012-08-03,131511.03,128724.44,113990.03,123752.48105525583,127137.02934187332,124135.82917816014,124843.08303743614,126202.875,126877.61,128151.04
S41_D92,2012-08-17,2012-08-03,135835.21,128724.44,117489.04,130280.36283970362,126991.33748420226,129504.10079135622,122857.96677916232,122764.68,122607.64,127785.66
S41_D92,2012-08-24,2012-08-03,131715.15,128724.44,116548.34,124015.70637035636,127548.36430262934,128126.94114058003,125437.5351552835,115427.3,120163.95,125721.32
S41_D92,2012-08-31,2012-08-03,125172.64,128724.44,116588.44,129069.80396526775,126561.27919854232,129649.27143545866,125252.00375425654,123521.72,126259.414,127766.6
S41_D92,2012-09-07,2012-08-31,131134.62,125172.64,121848.21,132662.4153889655,131706.2675502282,130368.99875377728,129822.99738890346,133197.47,130699.695,133258.42
S41_D92,2012-09-14,2012-08-31,127597.71,125172.64,113450.37,123696.75132313756,123308.1758053409,124825.28879267324,125432.95563480318,133776.8,134543.69,132507.61
S41_D92,2012-09-21,2012-08-31,122478.71,125172.64,109822.69,121243.12892076792,120875.70621977426,121514.74410849196,123041.82479489953,128013.3,130073.8,128446.88
S41_D92,2012-09-28,2012-08-31,128422.98,125172.64,109491.0,122181.55028582472,119730.56586821386,124889.73096338673,119402.24731291784,124452.195,124047.61,129638.79
S41_D92,2012-10-05,2012-09-28,142134.06,128422.98,127610.29,137960.6853869968,139078.417418117,142114.60584817335,133877.0260572,127936.18,127372.15,137631.92
S41_D92,2012-10-12,2012-09-28,145984.9,128422.98,128878.7,136095.24066433532,141860.28214558196,145634.82296609707,135673.88436860594,129602.18,128036.67,139324.94
S41_D92,2012-10-19,2012-09-28,132903.53,128422.98,116378.08,130382.41596733272,125609.03156218887,127779.7529709659,129447.9298026437,124785.445,128009.07,135810.72
S41_D92,2012-10-26,2012-09-28,131128.24,128422.98,124829.83,133457.14837063837,136620.01289153387,134509.03444094918,131391.88905870818,125958.51,128957.81,136357.42
S4_D92,2012-06-15,2012-06-08,175591.63,175156.23,158924.04,173691.46902084863,175492.57941645724,180845.04443362023,179960.89466345147,174838.86,175222.7,171174.7
S4_D92,2012-06-22,2012-06-08,165010.65,175156.23,145197.92,154540.63974496283,163926.56689887246,164202.13453548064,165723.49342757236,165996.48,166074.3,162789.64
S4_D92,2012-06-29,2012-06-08,158698.61,175156.23,144234.59,160560.63513275678,162088.20008163658,162374.30272158235,168815.28137558588,156152.4,160705.03,159527.17
S4_D92,2012-07-06,2012-06-08,174602.62,175156.23,157806.34,171272.58305693648,176014.41829108977,174806.67162010146,177250.87830497266,170397.69,171813.92,166840.36
S4_D92,2012-07-13,2012-07-06,170507.73,174602.62,160569.91,177294.51987573205,177646.70365933471,180722.30760042585,177928.8524972926,177924.36,178454.22,177294.9
S4_D92,2012-07-20,2012-07-06,171958.27,174602.62,155135.14,168945.19338497036,172098.53153096096,174243.5741322985,172927.08707461972,174125.53,172917.77,173667.6
S4_D92,2012-07-27,2012-07-06,156710.91,174602.62,143204.67,156874.59217072994,160213.90615310948,158656.29664553568,165411.05465900555,157549.92,162060.94,163926.5
S4_D92,2012-08-03,2012-07-06,166267.55,174602.62,161865.01,174672.5800304565,178855.7127321757,180562.69138110167,178932.75601793663,165563.52,168428.64,166137.3
S4_D92,2012-08-10,2012-08-03,172350.05,166267.55,159670.68,178542.36361906116,174377.43429980084,173551.0027495552,173317.3724539224,170727.89,170321.0,179473.34
S4_D92,2012-08-17,2012-08-03,173825.85,166267.55,171553.94,181471.18859515616,181995.8601486997,185494.27585865735,173914.20183481037,173609.77,171841.73,181605.83
S4_D92,2012-08-24,2012-08-03,168317.08,166267.55,152595.4,162587.2275817008,164802.5018313778,164840.5858830326,173226.40264758302,158653.88,162690.3,170146.72
S4_D92,2012-08-31,2012-08-03,158089.61,166267.55,152433.05,168629.44309604797,163909.5568627416,164359.24971576544,170037.21989150805,159062.75,162546.44,165718.45
S4_D92,2012-09-07,2012-08-31,177978.85,158089.61,168013.66,180908.87961003775,179072.77721578325,177954.4271102221,179735.55827557453,170319.0,166240.83,176371.0
S4_D92,2012-09-14,2012-08-31,180938.15,158089.61,168867.79,185408.0167041416,177509.46934638696,179836.62556818788,181284.89378944907,174829.86,173267.89,181026.84
S4_D92,2012-09-21,2012-08-31,176024.88,158089.61,163451.54,175031.80948309117,173174.93039894526,175359.06402046315,173126.3601946034,169128.42,170360.92,174123.69
S4_D92,2012-09-28,2012-08-31,163451.36,158089.61,146263.17,164913.22645541347,155502.53604570762,159061.73340169847,162847.47851929613,159159.9,159333.6,169075.97
S4_D92,2012-10-05,2012-09-28,186274.98,163451.36,178151.02,187591.06755373316,189468.91390326343,192440.34486738377,185877.4266266501,172404.34,169307.27,179667.3
S4_D92,2012-10-12,2012-09-28,179526.95,163451.36,166415.23,179374.19403194086,180323.3469173929,184478.8434955395,184008.82613465728,181285.64,179760.19,186011.81
S4_D92,2012-10-19,2012-09-28,177406.75,163451.36,171337.35,183644.9561422003,184102.55092944883,186826.97405838867,183843.95174964445,177486.17,178898.14,182630.48
S4_D92,2012-10-26,2012-09-28,164891.82,163451.36,159591.49,170177.06251766763,172860.99382088814,174123.07515381585,183055.31919283592,166309.4,166488.17,176447.52
S4_D95,2012-06-15,2012-06-08,178542.28,175664.14,177156.22,169402.37770389058,190774.95444865132,191217.01814155933,175584.40074007024,169286.28,169336.7,177483.97
S4_D95,2012-06-22,2012-06-08,170131.9,175664.14,164350.28,169402.37770389058,176713.4275036531,176409.14816934353,172873.29130002475,169756.66,169430.6,173991.67
S4_D95,2012-06-29,2012-06-08,169858.42,175664.14,165692.38,169402.37770389058,178579.51027949635,178907.9060884295,168768.7882690794,163363.39,169522.77,170623.02
S4_D95,2012-07-06,2012-06-08,175792.76,175664.14,168999.59,169402.37770389058,182311.959811748,180019.11709552095,171148.0381842704,172300.94,175636.17,171975.55
S4_D95,2012-07-13,2012-07-06,165123.0,175792.76,164206.58,172914.63743112856,172139.55657393168,172737.48884998471,174318.113250437,179872.55,178463.38,178584.34
S4_D95,2012-07-20,2012-07-06,167769.06,175792.76,163241.85,172914.63743112856,172172.5654348382,174156.3780694013,172231.3639628606,175875.33,175287.9,176463.53
S4_D95,2012-07-27,2012-07-06,157244.61,175792.76,151115.36,172914.63743112856,161041.45758623397,159914.54180381278,168297.53086522204,166947.16,172108.97,171895.12
S4_D95,2012-08-03,2012-07-06,167250.67,175792.76,159259.22,172914.63743112856,169995.5805163301,170808.446862514,177002.7838086095,171385.81,173737.75,172181.23
S4_D95,2012-08-10,2012-08-03,166720.93,167250.67,167571.2,165559.32232899198,175613.50681460975,178623.3161564838,168157.6852667119,166184.0,165452.98,173574.5
S4_D95,2012-08-17,2012-08-03,175362.48,167250.67,168722.92,165559.32232899198,177881.65981080016,179602.37884459863,165225.78031216896,168215.16,165653.7,172976.05
S4_D95,2012-08-24,2012-08-03,164984.73,167250.67,155105.39,165559.32232899198,164976.34417041944,165615.76556633497,174760.66867969712,158549.02,163022.92,167072.06
S4_D95,2012-08-31,2012-08-03,160200.2,167250.67,163045.62,165559.32232899198,173520.34308328258,175581.89220327235,170726.88717948907,161975.28,166324.48,164634.31
S4_D95,2012-09-07,2012-08-31,169708.19,160200.2,161286.24,164903.26771576022,166709.5403092393,170950.87731368295,178774.37666397152,166039.22,163757.83,168658.86
S4_D95,2012-09-14,2012-08-31,158167.74,160200.2,160298.69,164903.26771576022,163232.4675054095,166345.43044465448,179307.23692319923,172494.73,170719.78,170000.38
S4_D95,2012-09-21,2012-08-31,155205.17,160200.2,152195.84,164903.26771576022,155879.15595380316,158996.32317344286,168935.83911391834,167009.27,168470.3,164365.86
S4_D95,2012-09-28,2012-08-31,150886.81,160200.2,146715.05,164903.26771576022,150172.69704859928,155434.22126074426,164351.2316608935,159209.17,160728.81,159209.88
S4_D95,2012-10-05,2012-09-28,157750.68,150886.81,161042.12,156540.59395504475,163672.04784418622,165923.5569038607,173285.57148736055,159793.84,157077.97,156860.73
S4_D95,2012-10-12,2012-09-28,152136.08,150886.81,150298.33,156540.59395504475,153425.01148694122,154809.3479157663,169620.7067510092,160867.7,160164.69,158089.34
S4_D95,2012-10-19,2012-09-28,154909.22,150886.81,157955.97,156540.59395504475,160922.60541405328,164408.77267292686,174509.1299197976,156071.95,159376.7,154462.8
S4_D95,2012-10-26,2012-09-28,145803.47,150886.81,142834.93,156540.59395504475,145853.12969711478,152344.53422709007,166129.5506871288,152213.66,154043.89,149066.47
